{"IcoMoonType":"selection","icons":[{"icon":{"paths":["M883.968 670.56l-30.656 162.304h-682.624l-30.656-162.304h-76.32v257.984h896.576v-257.984h-76.32zM864.64 382.272h-224.704v-93.76h-255.808v93.76h-222.56l349.248 365.184 353.824-365.184zM639.904 127.424h-255.808v34.112h255.808v-34.112zM639.904 191.136h-255.808v65.216h255.808v-65.216z"],"attrs":[{}],"isMulticolor":false,"isMulticolor2":false,"tags":["download","store","save"],"grid":32},"attrs":[{}],"properties":{"order":1,"id":1,"prevSize":32,"code":59649,"name":"download"},"setIdx":0,"setId":3,"iconIdx":0}],"height":1024,"metadata":{"name":"icomoon"},"preferences":{"showGlyphs":true,"showCodes":true,"showQuickUse":true,"showQuickUse2":true,"showSVGs":true,"fontPref":{"prefix":"icon-","metadata":{"fontFamily":"icomoon"},"metrics":{"emSize":1024,"baseline":6.25,"whitespace":50},"embed":false},"imagePref":{"prefix":"icon-","png":true,"useClassSelector":true,"color":0,"bgColor":16777215,"name":"icomoon","classSelector":".icon","height":32,"columns":16,"margin":16},"historySize":50,"gridSize":16}}